<?xml version="1.0" encoding="UTF-8"?>
<GenRun Id="impl_1" LaunchPart="xc7a35tcpg236-1" LaunchTime="1764484347">
  <File Type="REPORTS-TCL" Name="project_mydecoder_reports.tcl"/>
  <File Type="ROUTE-PWR-SUM" Name="project_mydecoder_power_summary_routed.pb"/>
  <File Type="BITSTR-MMI" Name="project_mydecoder.mmi"/>
  <File Type="OPT-DRC" Name="project_mydecoder_drc_opted.rpt"/>
  <File Type="BG-DRC" Name="project_mydecoder.drc"/>
  <File Type="ROUTE-STATUS-PB" Name="project_mydecoder_route_status.pb"/>
  <File Type="BG-BGN" Name="project_mydecoder.bgn"/>
  <File Type="PLACE-UTIL" Name="project_mydecoder_utilization_placed.rpt"/>
  <File Type="PLACE-UTIL-PB" Name="project_mydecoder_utilization_placed.pb"/>
  <File Type="PLACE-IO" Name="project_mydecoder_io_placed.rpt"/>
  <File Type="BG-BIN" Name="project_mydecoder.bin"/>
  <File Type="PLACE-CTRL" Name="project_mydecoder_control_sets_placed.rpt"/>
  <File Type="ROUTE-PWR-RPX" Name="project_mydecoder_power_routed.rpx"/>
  <File Type="BITSTR-MSK" Name="project_mydecoder.msk"/>
  <File Type="BITSTR-RBT" Name="project_mydecoder.rbt"/>
  <File Type="ROUTE-TIMINGSUMMARY" Name="project_mydecoder_timing_summary_routed.rpt"/>
  <File Type="ROUTE-TIMING-RPX" Name="project_mydecoder_timing_summary_routed.rpx"/>
  <File Type="ROUTE-STATUS" Name="project_mydecoder_route_status.rpt"/>
  <File Type="PA-TCL" Name="project_mydecoder.tcl"/>
  <File Type="ROUTE-PWR" Name="project_mydecoder_power_routed.rpt"/>
  <File Type="ROUTE-DRC" Name="project_mydecoder_drc_routed.rpt"/>
  <File Type="ROUTE-DRC-RPX" Name="project_mydecoder_drc_routed.rpx"/>
  <File Type="ROUTE-DRC-PB" Name="project_mydecoder_drc_routed.pb"/>
  <File Type="BITSTR-SYSDEF" Name="project_mydecoder.sysdef"/>
  <File Type="ROUTE-METHODOLOGY-DRC" Name="project_mydecoder_methodology_drc_routed.rpt"/>
  <File Type="ROUTE-METHODOLOGY-DRC-RPX" Name="project_mydecoder_methodology_drc_routed.rpx"/>
  <File Type="BITSTR-LTX" Name="debug_nets.ltx"/>
  <File Type="BITSTR-LTX" Name="project_mydecoder.ltx"/>
  <File Type="ROUTE-METHODOLOGY-DRC-PB" Name="project_mydecoder_methodology_drc_routed.pb"/>
  <File Type="ROUTE-SIMILARITY" Name="project_mydecoder_incremental_reuse_routed.rpt"/>
  <File Type="RDI-RDI" Name="project_mydecoder.vdi"/>
  <File Type="ROUTE-CLK" Name="project_mydecoder_clock_utilization_routed.rpt"/>
  <File Type="ROUTE-BUS-SKEW" Name="project_mydecoder_bus_skew_routed.rpt"/>
  <File Type="ROUTE-BUS-SKEW-RPX" Name="project_mydecoder_bus_skew_routed.rpx"/>
  <File Type="ROUTE-BUS-SKEW-PB" Name="project_mydecoder_bus_skew_routed.pb"/>
  <File Type="POSTROUTE-PHYSOPT-TIMING" Name="project_mydecoder_timing_summary_postroute_physopted.rpt"/>
  <File Type="POSTROUTE-PHYSOPT-TIMING-RPX" Name="project_mydecoder_timing_summary_postroute_physopted.rpx"/>
  <File Type="POSTROUTE-PHYSOPT-TIMING-PB" Name="project_mydecoder_timing_summary_postroute_physopted.pb"/>
  <File Type="POSTROUTE-PHYSOPT-BUS-SKEW" Name="project_mydecoder_bus_skew_postroute_physopted.rpt"/>
  <File Type="POSTROUTE-PHYSOPT-BUS-SKEW-RPX" Name="project_mydecoder_bus_skew_postroute_physopted.rpx"/>
  <File Type="BG-BIT" Name="project_mydecoder.bit"/>
  <File Type="POSTROUTE-PHYSOPT-BUS-SKEW-PB" Name="project_mydecoder_bus_skew_postroute_physopted.pb"/>
  <File Type="BITSTR-NKY" Name="project_mydecoder.nky"/>
  <File Type="BITSTR-BMM" Name="project_mydecoder_bd.bmm"/>
  <File Type="WBT-USG" Name="usage_statistics_webtalk.html"/>
  <File Type="OPT-HWDEF" Name="project_mydecoder.hwdef"/>
  <File Type="PLACE-PRE-SIMILARITY" Name="project_mydecoder_incremental_reuse_pre_placed.rpt"/>
  <File Type="ROUTE-DCP" Name="project_mydecoder_routed.dcp"/>
  <File Type="ROUTE-ERROR-DCP" Name="project_mydecoder_routed_error.dcp"/>
  <File Type="ROUTE-BLACKBOX-DCP" Name="project_mydecoder_routed_bb.dcp"/>
  <File Type="ROUTE-TIMING-PB" Name="project_mydecoder_timing_summary_routed.pb"/>
  <File Type="OPT-DCP" Name="project_mydecoder_opt.dcp"/>
  <File Type="PLACE-DCP" Name="project_mydecoder_placed.dcp"/>
  <File Type="PWROPT-DCP" Name="project_mydecoder_pwropt.dcp"/>
  <File Type="POSTPLACE-PWROPT-DCP" Name="project_mydecoder_postplace_pwropt.dcp"/>
  <File Type="PHYSOPT-DCP" Name="project_mydecoder_physopt.dcp"/>
  <File Type="POSTROUTE-PHYSOPT-DCP" Name="project_mydecoder_postroute_physopt.dcp"/>
  <File Type="POSTROUTE-PHYSOPT-BLACKBOX-DCP" Name="project_mydecoder_postroute_physopt_bb.dcp"/>
  <File Type="PDI-FILE" Name="project_mydecoder.pdi"/>
  <File Type="BOOT-PDI-FILE" Name="project_mydecoder_boot.pdi"/>
  <File Type="PL-PDI-FILE" Name="project_mydecoder_pld.pdi"/>
  <File Type="RCFI_FILE" Name="project_mydecoder.rcfi"/>
  <File Type="CFI_FILE" Name="project_mydecoder.cfi"/>
  <File Type="RNPI_FILE" Name="project_mydecoder.rnpi"/>
  <File Type="NPI_FILE" Name="project_mydecoder.npi"/>
  <File Type="RBD_FILE" Name="project_mydecoder.rbd"/>
  <File Type="ROUTE-RQS" Name="project_mydecoder_routed.rqs"/>
  <File Type="POSTROUTE-PHYSOPT-RQS" Name="project_mydecoder_postroute_physopted.rqs"/>
  <File Type="ROUTE-RQS-RPT" Name="route_report_qor_suggestions_0.rpt"/>
  <File Type="POSTROUTE-PHYSOPT-RQS-RPT" Name="postroute_physopt_report_qor_suggestions_0.rpt"/>
  <File Type="MMI-FILE" Name="project_mydecoder.mmi"/>
  <File Type="BIF-FILE" Name="project_mydecoder.bif"/>
  <File Type="BOOT-BIF-FILE" Name="project_mydecoder_boot.bif"/>
  <File Type="PL-BIF-FILE" Name="project_mydecoder_pld.bif"/>
  <File Type="LTX-FILE" Name="project_mydecoder.ltx"/>
  <File Type="BOOT-LTX-FILE" Name="project_mydecoder_boot.ltx"/>
  <File Type="PL-LTX-FILE" Name="project_mydecoder_pld.ltx"/>
  <File Type="RCDO-FILE" Name="project_mydecoder.rcdo"/>
  <File Type="MARKER-RCDO-FILE" Name="project_mydecoder_markers.rcdo"/>
  <File Type="PL-RCDO-FILE" Name="project_mydecoder_pld.rcdo"/>
  <File Type="MARKER-RNPI-FILE" Name="project_mydecoder_markers.rnpi"/>
  <File Type="BOOT_RNPI_FILE" Name="project_mydecoder_boot.rnpi"/>
  <File Type="PL_RNPI_FILE" Name="project_mydecoder_pld.rnpi"/>
  <File Type="BOOT_MARKER_RNPI_FILE" Name="project_mydecoder_boot_markers.rnpi"/>
  <File Type="PL_MARKER_RNPI_FILE" Name="project_mydecoder_pld_markers.rnpi"/>
  <File Type="PL_MASK_RNPI_FILE" Name="project_mydecoder_pld_mask.rnpi"/>
  <File Type="PL_SHUTDOWN_RNPI_FILE" Name="project_mydecoder_pld_shutdown.rnpi"/>
  <File Type="PL_UNMASK_RNPI_FILE" Name="project_mydecoder_pld_unmask.rnpi"/>
  <File Type="PL-CLEAR-RCDO-FILE" Name="project_mydecoder_pld_clear.rcdo"/>
  <File Type="PL_MARKER_RCDO_FILE" Name="project_mydecoder_pld_markers.rcdo"/>
  <File Type="PL_MASK_RCDO_FILE" Name="project_mydecoder_pld_mask.rcdo"/>
  <File Type="PL_UNMASK_MARKER_RCDO_FILE" Name="project_mydecoder_pld_unmask_markers.rcdo"/>
  <File Type="PL_UNMASK_RCDO_FILE" Name="project_mydecoder_pld_unmask.rcdo"/>
  <FileSet Name="sources" Type="DesignSrcs" RelSrcDir="$PSRCDIR/sources_1" RelGenDir="$PGENDIR/sources_1">
    <Filter Type="Srcs"/>
    <File Path="$PSRCDIR/sources_1/new/project_mydecoder.vhd">
      <FileInfo>
        <Attr Name="UsedIn" Val="synthesis"/>
        <Attr Name="UsedIn" Val="simulation"/>
      </FileInfo>
    </File>
    <Config>
      <Option Name="DesignMode" Val="RTL"/>
      <Option Name="TopModule" Val="project_mydecoder"/>
      <Option Name="TopAutoSet" Val="TRUE"/>
    </Config>
  </FileSet>
  <FileSet Name="constrs_in" Type="Constrs" RelSrcDir="$PSRCDIR/constrs_1" RelGenDir="$PGENDIR/constrs_1">
    <Filter Type="Constrs"/>
    <File Path="$PPRDIR/../Basys-3-Master.xdc">
      <FileInfo>
        <Attr Name="UsedIn" Val="synthesis"/>
        <Attr Name="UsedIn" Val="implementation"/>
      </FileInfo>
    </File>
    <Config>
      <Option Name="ConstrsType" Val="XDC"/>
    </Config>
  </FileSet>
  <FileSet Name="utils" Type="Utils" RelSrcDir="$PSRCDIR/utils_1" RelGenDir="$PGENDIR/utils_1">
    <Filter Type="Utils"/>
    <File Path="$PSRCDIR/utils_1/imports/synth_1/project_mydecoder.dcp">
      <FileInfo>
        <Attr Name="UsedIn" Val="synthesis"/>
        <Attr Name="UsedIn" Val="implementation"/>
        <Attr Name="UsedInSteps" Val="synth_1"/>
        <Attr Name="AutoDcp" Val="1"/>
      </FileInfo>
    </File>
    <Config>
      <Option Name="TopAutoSet" Val="TRUE"/>
    </Config>
  </FileSet>
  <Strategy Version="1" Minor="2">
    <StratHandle Name="Vivado Implementation Defaults" Flow="Vivado Implementation 2025"/>
    <Step Id="init_design"/>
    <Step Id="opt_design"/>
    <Step Id="power_opt_design"/>
    <Step Id="place_design"/>
    <Step Id="post_place_power_opt_design"/>
    <Step Id="phys_opt_design"/>
    <Step Id="route_design"/>
    <Step Id="post_route_phys_opt_design"/>
    <Step Id="write_bitstream"/>
    <Step Id="write_device_image"/>
  </Strategy>
</GenRun>
