<?xml version="1.0"?>
<Runs Version="1" Minor="0">
	<Run Id="impl_1" LaunchDir="D:/University of Regina/ENEL 384/Project/project_mydecoder/project_mydecoder.runs/impl_1" FlowId="Vivado_Implementation" FromStepId="init_design" ToStepId="route_design"/>
	<Parameters>
		<Parameter Name="runs.monitorLSFJobs" Val="true" Type="bool"/>
		<Parameter Name="runs.enableClusterConf" Val="true" Type="bool"/>
		<Parameter Name="general.shortenLongPath" Val="true" Type="bool"/>
		<Parameter Name="general.usePosixSpawnForFork" Val="true" Type="bool"/>
	</Parameters>
	<ProductInfo Name="vivado"/>
</Runs>

